Programme,Sub-Programme,"Approved Estimates FY 2023/24
Rec Exp Dev Exp",col_3,"Actual Expenditure as of 30th
June 2024",col_5,Absorption Rate (%),col_7,page_number,table_index,Approved Estimates FY 2023/24
,,,Dev Exp,Rec Exp,Dev Exp,Rec Exp,Dev Exp,390,1,
THE EXECUTIVE,,,,,,,,390,1,
Programme 1,"Governor’s and
Deputy Gover-
nor’s Affairs","52,067,855","10,950,000","51,899,927","5,610,886",99.7,51.2,390,1,
,,,Dev Exp,Rec Exp,Dev Exp,Rec Exp,Dev Exp,391,0,Rec Exp
,"Protocol,
Hospitality and
Communication",,"10,000,000","6,057,806",-,47.6,-,391,0,"12,716,441"
,"County Secretary
& Cabinet Affairs",,"4,000,000","8,069,662",-,42.0,-,391,0,"19,192,650"
,"Governor’s
Advisory Council,
Special Programs,
Intergovernmen-
tal and External
Relations",,-,"14,143,668",-,43.1,-,391,0,"32,840,880"
,"Governor’s
Delivery Unit,
Policy, Planning &
Research",,-,"2,390,880",-,62.7,-,391,0,"3,814,010"
,Sub Total,,"24,950,000","82,561,943","5,610,886",68.4,22.5,391,0,"120,631,836"
COUNTY ASSEMBLY,,,,,,,,391,0,
Programme 2,"General Admin-
istration and
Planning",,"5,000,000","950,807,393",-,135.2,-,391,0,"703,372,525"
,"Legislation,
Oversight and
Representation",,"50,000,000",-,-,-,-,391,0,"287,572,381"
,Sub-Total,,"55,000,000","950,807,393",-,95.9,-,391,0,"990,944,906"
COUNTY PUBLIC SERVICE BOARD,,,,,,,,391,0,
Programme 3,"Administration
Unit",,"20,000,000","72,109,826",-,49.6,-,391,0,"145,363,603"
,Sub-Total,,"20,000,000","72,109,826",-,49.6,-,391,0,"145,363,603"
FINANCE AND ECONOMIC PLANNING,,,,,,,,391,0,
Programme 4,"Administration
Unit",,"383,672,577","899,034,749","364,043,300",93.3,94.9,391,0,"963,152,633"
,"Financial Manage-
ment Services-Ac-
counting Unit",,"19,650,000","46,279,851","14,632,485",86.4,74.5,391,0,"53,580,680"
,"Planning and
Monitoring Unit",,"2,000,000","42,110,711",-,79.2,-,391,0,"53,146,951"
,Sub-Total,,"405,322,577","987,425,311","378,675,785",92.3,93.4,391,0,"1,069,880,264"
ENVIRONMENT & SOLID WASTE MANAGEMENT,,,,,,,,391,0,
Programme 5,"Administration,
Planning and
Support Services",,"49,756,354","340,578,982","25,211,766",65.4,50.7,391,0,"520,823,046"
,"Environment
Compliance and
Enforcement",,"60,767,341","40,320,267","36,508,708",61.0,60.1,391,0,"66,095,221"
,"Solid Waste Man-
agement",,"93,985,184","43,954,596","54,137,664",59.2,57.6,391,0,"74,204,828"
,Sub-Total,,"204,508,879","424,853,844","115,858,139",64.3,56.7,391,0,"661,123,095"
Education & Digital Transformation,,,,,,,,391,0,
Programme 6,"General Adminis-
tration, Planning
and Support
Services",,"32,000,000","257,563,283","14,956,219",70.2,46.7,391,0,"367,095,340"
,"Early Childhood
Education",,"101,000,000","70,500","35,919,445",0.7,35.6,391,0,"10,264,613"
,"Vocational Train-
ing & Education",,"5,000,000","288,850","2,235,177",3.6,44.7,391,0,"8,135,387"
,Child Care,,"50,000,000","722,328",-,42.4,-,391,0,"1,705,600"
,,,Dev Exp,Rec Exp,Dev Exp,Rec Exp,Dev Exp,392,0,Rec Exp
,Elimu Fund,,-,"430,781,134","48,375,000",85.7,-,392,0,"502,933,500"
,"Digital Transfor-
mation",,"41,800,000","27,646,238","27,009,501",58.5,64.6,392,0,"47,276,640"
,Sub-Total,,"229,800,000","717,072,334","128,495,342",76.5,55.9,392,0,"937,411,080"
HEALTH SERVICES,,,,,,,,392,0,
Programme 7,"Administration
Unit",,"96,000,000","2,846,450,456","66,468,861",89.5,69.2,392,0,"3,181,837,253"
,"Preventive and
Promotive Health
services",,"5,790,000","8,071,339","801,552",39.1,13.8,392,0,"20,625,044"
,"Curative/Clinical
Health Services",,"562,000,000","38,689,578","17,923,498",4.9,3.2,392,0,"790,779,759"
,Special Programs,,-,"3,245,113",-,33.8,-,392,0,"9,590,950"
,Sub-Total,,"663,790,000","2,896,456,486","85,193,911",72.4,12.8,392,0,"4,002,833,005"
"WATER, NATURAL RESOURCES & CLIMATE CHANGE RESILIENCE",,,,,,,,392,0,
Programme 8,"Administration
unit",,"1,003,500,000","32,567,133","497,650,672",39.1,49.6,392,0,"83,378,277"
,"Natural Resources
Management",,"22,500,000",-,"2,997,000",-,13.3,392,0,"191,330"
,"Sanitation
Services and
Management",,"10,000,000","98,276","4,360,500",98.3,43.6,392,0,"100,000"
,"Water Supply and
Management",,"20,000,000","2,590,276","8,488,379",99.6,42.4,392,0,"2,600,000"
,Renewable Energy,,"2,000,000",-,-,-,-,392,0,"365,000"
,Climate Resilience,,"33,500,000","1,491,379","83,717",25.3,0.2,392,0,"5,902,750"
,Sub-Total,,"1,091,500,000","36,747,064","513,580,268",39.7,47.1,392,0,"92,537,357"
"PUBLIC SERVICE ADMINISTRATION, YOUTH, GENDER, SOCIAL SERVICES & SPORTS",,,,,,,,392,0,
Programme 9,"Administration
planning and
support services",,"11,000,000","2,118,273,291","1,526,900",189.3,13.9,392,0,"1,118,888,012"
,"Human Resource
Management &
Development",,-,"160,082,891",-,79.9,-,392,0,"200,370,483"
,"County Adminis-
tration & Decen-
tralized Services",,"105,000,000","3,892,256","1,708,182",40.7,1.6,392,0,"9,571,046"
,"Enforcement,
Compliance &
Disaster Manage-
ment",,"19,000,000","36,083,610",-,51.6,-,392,0,"69,892,140"
,"Youth Affairs &
Sports Develop-
ment",,"70,000,000","11,499,707",-,55.6,-,392,0,"20,685,212"
,"Gender, PWD In-
tegration & Social
Services",,"20,000,000","12,021,795","3,884,949",57.8,19.4,392,0,"20,813,940"
,Sub-Total,,"225,000,000","2,341,853,550","7,120,031",162.6,3.2,392,0,"1,440,220,832"
"TOURISM, CULTURE & TRADE",,,,,,,,392,0,
Programme 10,"General Admin-
istration Planning
& support services",,-,"288,065,496",-,75.0,-,392,0,"384,315,769"
,"Trade Develop-
ment and Mar-
kets/ Consumer
Protection",,"324,800,000","14,163,762","7,666,596",91.8,2.4,392,0,"15,433,690"
,"E-Licensing &
Services",,"2,500,000","1,211,948",-,47.3,-,392,0,"2,564,281"
,,,Dev Exp,Rec Exp,Dev Exp,Rec Exp,Dev Exp,393,0,Rec Exp
,"Tourism Market-
ing and Product
Development",,"129,392,810","2,558,924","29,444,003",27.7,22.8,393,0,"9,228,569"
,Cultural Affairs,,-,"1,495,145",-,33.2,-,393,0,"4,507,070"
,"Co-operative
Development",,"4,000,000","1,308,221",-,20.2,-,393,0,"6,468,320"
,Sub-Total,,"460,692,810","308,803,496","37,110,600",73.1,8.1,393,0,"422,517,699"
"LANDS, PLANNING, HOUSING AND URBAN RENEWAL",,,,,,,,393,0,
Programme 11,"Administration
planning and
support services",,"55,576,556","121,151,587","4,756,303",72.6,8.6,393,0,"166,811,475"
,"Housing De-
velopment &
Management",,"351,000,000","232,350","326,860,782",10.2,93.1,393,0,"2,282,350"
,Urban Renewal,,"170,000,000","24,808,632","23,672,108",75.5,13.9,393,0,"32,845,200"
,"Land Administra-
tion and Valuation",,"2,000,000","1,411,360",-,46.3,-,393,0,"3,045,885"
,Physical Planning,,"31,000,000",-,-,-,-,393,0,"1,100,000"
,Sub-Total,,"609,576,556","147,603,929","355,289,193",71.6,58.3,393,0,"206,084,910"
"TRANSPORT, INFRASTRUCTURE & PUBLIC WORKS",,,,,,,,393,0,
Programme 12,"General Admin-
istration and
Support Services",,-,"543,220,465","1,742,674",74.0,-,393,0,"733,889,111"
,"Roads Infrastruc-
ture Development",,"496,091,550","3,516,714","361,920,121",41.6,73.0,393,0,"8,459,199"
,"Transportation
Management",,"51,046,242","306,401","22,801,911",43.3,44.7,393,0,"707,729"
,"County Public
Works",,"18,000,000","2,381,158","2,967,585",63.9,16.5,393,0,"3,727,799"
,"Mechanical and
Electrical Services",,"6,000,000","29,940,517",-,59.8,-,393,0,"50,088,844"
,"Safety, Risk and
Disaster Manage-
ment Services",,"73,000,000","17,670,894","29,348,194",72.1,40.2,393,0,"24,497,817"
,Sub-Total,,"644,137,792","597,036,149","418,780,486",72.7,65.0,393,0,"821,370,499"
"BLUE ECONOMY, AGRICULTURE & LIVESTOCK",,,,,,,,393,0,
Programme 13,"Administration
Unit-Headquar-
ters",,"10,000,000","115,291,630","3,511,730",74.8,35.1,393,0,"154,131,251"
,"Crops Develop-
ment",,"35,000,000","4,184,864","10,544,959",41.4,30.1,393,0,"10,120,281"
,"Livestock Produc-
tion",,"30,653,701","6,139,516","16,338,590",77.7,53.3,393,0,"7,899,820"
,"Fisheries Devel-
opment",,"54,346,299","3,730,994",-,51.5,-,393,0,"7,240,473"
,"Veterinary Ser-
vices",,"20,000,000","4,479,791","6,214,303",63.0,31.1,393,0,"7,107,942"
,Sub-Total,,"150,000,000","133,826,795","36,609,582",71.8,24.4,393,0,"186,499,766"
THE COUNTY ATTORNEY,,,,,,,,393,0,
Programme 14,"General Admin-
istration & Legal
Services",,"13,428,433","132,413,679",-,139.6,-,393,0,"94,874,099"
Grand Total,Sub-Total,,"13,428,433","132,413,679",-,139.6,-,393,0,"94,874,099"
,,,"4,797,707,047","9,829,571,799","2,082,324,221",87.8,43.4,393,0,"11,192,292,953"
