Programme,Sub- Programme,"Approved Budget
(Kshs)","Actual Payments
(Kshs)","Variance
(Kshs)","Absorption
(%)",page_number,table_index
"Agriculture, Livestock Development and Fisheries Development",,,,,,277,0
"Agriculture Mechanisation
Services","Agriculture Mechanisation
Services","1,700,000",0,"1,700,000",0,277,0
Crop Development,Crop Development,"3,820,400",0,"3,820,400",0,277,0
,Crop Development,"49,420,000",0,"49,420,000",0,277,0
Fisheries Development,Fisheries Development,"1,860,000",0,"1,860,000",0,277,0
,"Fisheries Development and
Management","6,212,000",0,"6,212,000",0,277,0
,"Aquaculture Development
and Extension Services","22,714,000",0,"22,714,000",0,277,0
"General administration,
planning & support service",General administration,"151,011,774","106,862,774","44,149,000",71,277,0
,"capacity building and train-
ing","2,419,790",0,"2,419,790",0,277,0
,"Field Extension Services
and Support Programme","9,947,800","8,826,084","1,121,716",89,277,0
,"Field Extension Services
and Support Programme","9,691,300","1,196,840","8,494,460",12,277,0
,"Field Extension Services
and Support Programme","9,243,150","1,366,000","7,877,150",15,277,0
,"Field Extension Services
and Support Programme","9,296,044","424,491","8,871,553",5,277,0
,"Field Extension Services
and Support Programme","320,000",0,"320,000",0,277,0
,"Field Extension Services
and Support Programme","500,000",0,"500,000",0,277,0
,Donor Fund,"342,397,464","27,353,505","315,043,959",8,277,0
,Donor Fund,"2,596,660",0,"2,596,660",0,277,0
"Livestock Resources Man-
agement and Development",Disease control,"1,750,000",0,"1,750,000",0,277,0
,"Feed & livestock products
safety, equipment and lab-
oratory services","4,390,000",0,"4,390,000",0,277,0
,"Livestock Breeds Improve-
ment & Upgrading","29,514,414",0,"29,514,414",0,277,0
Veterinary services,"Veterinary Public Health
management","1,186,000",0,"1,186,000",0,277,0
,"Livestock Breeding and
Livestock Products","5,378,500",0,"5,378,500",0,277,0
,"Livestock Disease Control
and Management","8,600,000",0,"8,600,000",0,277,0
,"Veterinary Public Health
management","4,000,000",0,"4,000,000",0,277,0
Total,Total,"677,969,296","146,029,694","531,939,602",22,277,0
County Assembly,,,,,,278,0
"General administration and
support services","General Administration &
supportive services","701,155,331","485,972,783","215,182,548",69,278,0
"Oversight management
services","Committee management
services","50,738,280","4,982,367","45,755,913",10,278,0
Legislative services,"legislation development &
approval services","193,254,219","98,869,630","94,384,571",51,278,0
,Total,"945,147,830","589,824,780","355,323,032",62,278,0
County Attorney,,,,,,278,0
"Management and adminis-
tration",General administration,"172,151,962","124,313,243","47,838,719",72,278,0
,Total,"172,151,962","124,313,243","47,838,719",72,278,0
County Executive,,,,,,278,0
"Enhanced Management, Co-
ordination & Supervision.",Peace Building Initiatives,"3,715,000",0,"3,715,000",0,278,0
General Administration,"General Administration
(Deputy Governors)","20,485,000","18,018,900","2,466,100",88,278,0
"Governance and Executive
Management",Citizen Delivery Services,"108,400,000","9,992,854","98,407,146",9,278,0
,Citizen Delivery Services,"25,000,000","10,733,211","14,266,789",43,278,0
,"Governance and Executive
management","53,993,880","36,410,928","17,582,952",67,278,0
Strategy and service delivery,Strategy and advisory,"86,832,464","78,950,517","7,881,947",91,278,0
Total,Total,"298,426,344","154,106,410","144,319,934",52,278,0
"Education, Gender, Sports, Youth Development and Culture",,,,,,278,0
"Culture Development Pro-
motion and Arts","Culture and Heritage Con-
servation","1,000,000","397,400","602,600",40,278,0
ECDE Services,Child Care Services,"97,225,416","51,600,283","45,625,133",53,278,0
,Child Care Services,0,0,0,-,278,0
Education Support Services,Bursaries,"40,000,000","38,982,267","1,017,733",97,278,0
External Funding,Conditional Grants,"17,984,692",,"17,984,692",0,278,0
"Gender and Equality Ser-
vices",Women Empowerment,"1,000,000",0,"1,000,000",0,278,0
,General administration,"94,227,969","55,032,054","39,195,915",58,278,0
,General administration,"262,144,649","207,472,034","54,672,615",79,278,0
"National arts and cultural
services","Construction of Cultural
Central and Cultural Ac-
tivities","500,000",0,"500,000",0,278,0
"Sports and Talent Devel-
opment","Sports and Talent Devel-
opment","3,500,000","1,736,230","1,763,770",50,279,0
,"Vocational Training Ser-
vices","5,000,000","4,971,947","28,053",99,279,0
,Sports Development,"374,045,454","3,000,000","371,045,454",1,279,0
,Sports Development,"3,500,000","498,950","3,001,050",14,279,0
"Youth development and
empowerment services","Vocational Training Ser-
vices","21,000,000",0,"21,000,000",0,279,0
,Total,"921,128,180","363,691,165","557,437,015",39,279,0
"Environment, Natural Resource and Disaster Management",,,,,,279,0
"Disaster Management
Services","Disaster Management Ser-
vices","2,000,000","1,163,600","836,400",58,279,0
,"Disaster Management Ser-
vices","18,202,736","14,618,581","3,584,155",80,279,0
"Forestry Conservation and
Development","Forestry Conservation and
Development","4,660,000",0,"4,660,000",0,279,0
,"Forestry Conservation and
Development","7,200,000",0,"7,200,000",0,279,0
"General Administration
Support Services","General Administration
Support Services","61,396,171","60,614,763","781,408",99,279,0
Solid Waste Management,Solid Waste Management,"4,000,000",0,"4,000,000",0,279,0
,Solid Waste Management,"18,240,864","7,364,780","10,876,084",40,279,0
,Total,"115,699,771","83,761,724","31,938,047",72,279,0
Finance and Economic Planning,,,,,,279,0
"Financial management
services",Resource mobilization,"70,253,148","23,817,129","46,436,019",34,279,0
,Accounting Services,"219,598,214","198,411,066","21,187,148",90,279,0
,Procurement Services,"18,207,570",0,"18,207,570",0,279,0
,Audit Services,"17,140,000","809,066","16,330,934",5,279,0
"Economic policy and county
planning","Budget Coordination and
Management","9,275,000",0,"9,275,000",0,279,0
,"Policy and Plans Develop-
ments","71,455,604","12,852,689","58,602,915",18,279,0
,Community Development,"2,936,705",0,"2,936,705",0,279,0
General Administration,"General Administra-
tion(Accounts)","467,710,563","197,546,766","270,163,797",42,279,0
,"General Administra-
tion(Planning)","23,215,449","5,129,307","18,086,142",22,279,0
,"General Administra-
tion(Planning)","7,000,000",0,"7,000,000",0,279,0
,Total,"906,792,253","438,566,023","468,226,230",48,279,0
Health-Medical services,,,,,,279,0
General administration,General administration,"22,313,762",0,"22,313,762",0,280,0
,"Infrastructure and Health
facility management","134,790,610","14,528,000","120,262,610",11,280,0
,"Purchase of Non-pharma-
ceuticals","209,192,500","39,366,427","169,826,073",19,280,0
,General administration,"1,535,588,719","1,271,740,246","263,848,473",83,280,0
,"Health standards, quality
assurance and standards","2,592,000","56,000","2,536,000",2,280,0
,"Policy Formulation, Plan-
ning, Implementation,
Monitoring","6,888,000",0,"6,888,000",0,280,0
Maternal Health Services,Maternal Health Services,"2,900,000",0,"2,900,000",0,280,0
"Preventive, promotive
Health services and Disease
Control","Human Nutrition and Di-
etetics","2,200,000",0,"2,200,000",0,280,0
,Malaria,"1,390,000",0,"1,390,000",0,280,0
,"Disease surveillance /
Emergency preparedness&
response","6,276,000",0,"6,276,000",0,280,0
,"Health promotion & edu-
cation","5,300,000",0,"5,300,000",0,280,0
,"Non Communicable Dis-
eases, Violence and Injuries","3,040,000",0,"3,040,000",0,280,0
,Total,"1,932,471,591","1,325,690,673","606,780,918",69,280,0
Health - Public health,,,,,,280,0
"Planning and administrative
support services","Administrative and sup-
port services","531,940,039","123,673,817","408,266,222",23,280,0
"Preventive and promotive
health services",Community health services,"70,960,000","1,584,900","69,375,100",2,280,0
"Curative, rehabilitative and
referral services","Pharmaceutical and
non-pharmaceutical com-
modities","115,840,164",0,"115,840,164",0,280,0
External funding,Donor funds,"59,698,750",,"59,698,750",0,280,0
,Total,"778,438,953","125,258,717","653,180,236",16,280,0
"Lands, Housing and Physical Planning",,,,,,280,0
Land development services,Survey Services,"68,623,600","30,940,000","37,683,600",45,280,0
General administration,General administration,"299,024,836","207,598,016","91,426,820",69,280,0
,General administration,"119,421,416","80,481,741","38,939,675",67,280,0
Physical planning services,General administration,"79,000,000",0,"79,000,000",0,280,0
,Total,"566,069,852","319,019,757","247,050,095",56,280,0
Public Service Management,,,,,,280,0
"Enhanced Management, Co-
ordination & Supervision.","Enhanced Management,
Coordination & Supervi-
sion.","43,450,000","3,245,810","40,204,190",7,281,0
General administration,"General administra-
tion(PSM)","87,790,791","9,793,300","77,997,491",11,281,0
,"General administra-
tion(PSB)","10,000,000",0,"10,000,000",0,281,0
,"General Administra-
tion(ICT)","40,558,596","1,240,000","39,318,596",3,281,0
,"General administra-
tion(PSM)","779,070,026","661,534,863","117,535,163",85,281,0
,"General administra-
tion(PSB)","59,840,094","2,398,000","57,442,094",4,281,0
"Human resources manage-
ment and Development",Personnel Services,"23,296,967","1,600,000","21,696,967",7,281,0
ICT Infrastructure,ICT Infrastructure,"27,160,000","11,487,540","15,672,460",42,281,0
,Technical Support,"6,500,000","2,210,000","4,290,000",34,281,0
,"Co-ordination of policy
formulation implementing
of vision 2030 and CIDP","1,300,000","999,000","301,000",77,281,0
Personnel management,"Human Resource Manage-
ment","12,100,000","1,595,875","10,504,125",13,281,0
,"Budget Formulation coor-
dination and Management","17,706,706","4,498,980","13,207,726",25,281,0
"Sub County Administration
Services","Devolved Units Develop-
ment Services","12,150,000","410,350","11,739,650",3,281,0
,Total,"1,120,923,180","701,013,718","419,909,462",63,281,0
"Roads, Transport and Public Works",,,,,,281,0
General administration,General administration,"110,365,434","31,312,192","79,053,242",28,281,0
Road management services,Road management services,"140,170,000","5,968,350","134,201,651",4,281,0
,Road management services,"1,035,271,341","163,924,995","871,346,347",16,281,0
,Total,"1,285,806,775","201,205,536","1,084,601,239",16,281,0
Trade Tourism and Cooperative Development,,,,,,281,0
General administration,General administration,"86,200,926","61,643,879","24,557,047",72,281,0
,General administration,"66,998,476","20,659,039","46,339,437",31,281,0
,Verification,"1,800,000",0,"1,800,000",0,281,0
,"Trade Development and
Promotion SME","72,767,000","28,345,407","44,421,593",39,281,0
,"Trade Infrastructure Devel-
opment Services","32,689,402","2,099,440","30,589,962",6,281,0
,Total,"260,455,804","112,747,764","147,708,040",43,281,0
Water And Energy,,,,,,281,0
