Name of the Programme,Approved Estimates,col_2,"Actual Expenditure as of 31st
December, 2022",col_4,Absorption Rate %,col_6,page_number,table_index
,"Recurrent
(Kshs.)","Development
(Kshs.)","Recurrent
(Kshs.)","Development
(Kshs.)","Recurrent
(Kshs.)","Development
(Kshs.)",261,0
"Finance and Economic
Planning",,,,,,,261,0
"Budget formulation, co-or-
dination and management
(0703023060)","98,758,505",,"51,671,893",,52.3,-,261,0
"General Administration
(0704043060)","662,417,974","60,810,289","119,122,100",,18.0,-,261,0
"Revenue Collection
Management (0710013060)","60,692,972","3,000,000","8,364,475",,13.8,-,261,0
"Public Finance and
Accounting Services
(0711013060)","20,407,012",,"5,332,751",,26.1,-,261,0
"Procument Services
(0711023060)","11,566,000",,"2,411,680",,20.9,-,261,0
"Risk Assurance Services
(0711033060)","21,421,325",,"2,891,190",,13.5,-,261,0
"Personal Services
(0704013060)","174,155,265",,"151,122,622",,86.8,-,261,0
TOTALS,"1,049,419,053","63,810,289","340,916,711",-,32.5,-,261,0
"Agriculture, Livestock and
Fisheries",,,,,,,261,0
"General administration and
support services {0102053060}","164,758,131","324,360,833","77,989,095",,47.3,-,261,0
"Crop production & food
security {0107013060}","2,631,000","42,101,018","770,750",,29.3,-,261,0
"Dairy and meat production
{0108013060}","3,604,483","22,200,000","891,700",,24.7,-,261,0
"Fish production management
{0109013060}","4,159,096","27,687,050","541,514",,13.0,-,261,0
"Livestock disease
control {0108033060}","9,065,000","60,020,000","432,300",,4.8,-,261,0
"Farmland utilization,
mechanization & crop
storage {0107033060}","22,758,860","20,000,000","1,028,542","5,000,000",4.5,25.0,261,0
"Agricultural extension,
research & training.
{0107023060}","2,525,000","2,000,000","248,800",,9.9,-,261,0
Total,"209,501,570","498,368,901","81,902,701","5,000,000",39.1,1.0,261,0
"Land, Environment, Mining
and natural resources",,,,,,,261,0
,"Recurrent
(Kshs.)","Development
(Kshs.)","Recurrent
(Kshs.)","Development
(Kshs.)","Recurrent
(Kshs.)","Development
(Kshs.)",262,0
"0102053060 (General adminis-
tration and Support services","32,004,454","101,338,944","10,556,121",-,33.0,-,262,0
"0102063060 (Personnel
Services)","26,941,639",-,"19,191,652",-,71.2,-,262,0
'0102073060 (),"11,426,233",-,"19,600",-,0.2,-,262,0
"0104013060 (Physical
development plans)","4,600,000","37,000,000","644,025",-,14.0,-,262,0
"0105013060 (Establishment of
squatter settlement schemes","3,800,000","23,800,000","1,580,100",-,41.6,-,262,0
"0106023060 (County
Environmental
Awareness Initiative)","3,100,000",-,-,-,-,-,262,0
0901023060 (),"100,000",-,-,-,-,-,262,0
TOTAL,"81,972,326","162,138,944","31,991,498",-,39.0,-,262,0
"Medical and Public Health
Services",,,,,,,262,0
"General Administration
(0403013060)","99,189,205","375,604,430","43,213,850",-,43.6,-,262,0
Medical Drugs (0402043060)),"520,765,641",-,"328,991,148",-,63.2,-,262,0
"Personnel Services
(0403053060)","1,852,248,939",-,"892,063,649",-,48.2,-,262,0
"Msambweni Hospital
(0405013060)","74,590,883","48,685,104","31,001,084",-,41.6,-,262,0
"Kinango Hospital
(0406013060)","28,927,000","35,120,000","13,377,706",-,46.2,-,262,0
Kwale Hospital (0407013060),"24,650,000","22,699,406","14,581,170",-,59.2,-,262,0
"Tiwi Rural Health
Facility (0408013060)","7,340,000",-,"3,365,309",-,45.8,-,262,0
"Samburu Hospital
(0409013060)","30,565,000",-,"6,791,677",-,22.2,-,262,0
"Lungalunga Hospital
(0410013060)","18,820,000","6,629,510","9,366,949",-,49.8,-,262,0
Public Health (0401053060),"5,839,657",-,"1,138,892",-,19.5,-,262,0
"Rural Health Facilities
(0412013060)","55,478,597","158,714,452","11,542,419",-,20.8,-,262,0
"Diani Health Centre
(0413013060)","2,615,000",-,"620,400",-,23.7,-,262,0
"Maternal New Born and
Child Health (0401023060)","22,171,888",-,-,-,-,-,262,0
"operational Rural Health
Facilities (0402023060)","14,805,000",-,-,,-,-,262,0
Total,"2,758,006,810","647,452,902","1,356,054,253",-,49.2,-,262,0
County Assembly,,,,,,,262,0
Audit Services (0704013060),"301,291,321",-,"47,957,579",,15.9,-,262,0
"General Administration
and Support Services
(0704043060)","180,187,049","263,280,662","17,765,591",,9.9,-,262,0
,"Recurrent
(Kshs.)","Development
(Kshs.)","Recurrent
(Kshs.)","Development
(Kshs.)","Recurrent
(Kshs.)","Development
(Kshs.)",263,0
"Oversight and legislation
of county affairs","394,382,040","30,000,000","7,302,687",,1.9,-,263,0
Total,"875,860,410","293,280,662","73,025,857",-,8.3,-,263,0
"Trade, Investment and
Co-operative Development",,,,,,,263,0
"Administration services
(0305023060)","10,526,778","87,396,454","3,280,617",-,31.2,-,263,0
"Construction of new
markets (0306023060)","2,663,069","44,010,397","919,692",-,34.5,-,263,0
Weights & Measures,"2,372,000","1,012,950","1,162,520",-,49.0,-,263,0
"Trade Development
and Investment","6,349,500","11,114,246","2,195,213",-,34.6,-,263,0
"Other Current Transfers
(0306023060)",-,-,-,-,-,-,263,0
"Personnel Services
(305013060)","32,127,590",-,"20,266,406",-,63.1,-,263,0
Co-operative Development,"3,132,000","5,087,050","812,061",-,25.9,-,263,0
"Industry & Enterprise
Development","1,288,607","41,701,327","178,349",-,13.8,-,263,0
TOTAL,"58,459,544","190,322,424","28,814,858",-,49.3,-,263,0
Community Development,,,,,,,263,0
Administration,"51,236,605","23,324,181","27,665,599",,54.0,-,263,0
Community development,"19,200,000","45,214,786","4,576,885",,23.8,-,263,0
Culture and heritage,"16,416,925",-,"9,375,028",,57.1,-,263,0
Sports and talent management,"16,050,000","72,491,477","1,758,614",,11.0,-,263,0
Total,"102,903,530","141,030,444","43,376,126",-,42.2,-,263,0
Executive Services,,,,,,,263,0
"704003068(Office of Governor
Deputy Governor)","135,524,810","40,921,795","96,301,431",-,71.1,-,263,0
"707003068(Directorate
of Communication)","17,082,521",,,,-,-,263,0
TOTAL,"152,607,331","40,921,795","96,301,431",-,63.1,-,263,0
Education,,,,,,,263,0
"Personnel Services
(0502023060)","432,083,678",,"327,782,364",-,75.9,-,263,0
"Scholarship and Bursary
(0504013060)","400,000,000",-,"400,000,000",,100.0,-,263,0
"Administration Planning
support service (0502013060)","12,134,731","283,846,398","4,922,056","60,189,348",40.6,21.2,263,0
"Infrastructure development
(0503023060) & (0501043060)",-,"411,345,298",-,-,-,-,263,0
"Youth Training Development
(0503013060)","15,900,000",-,"4,914,125",-,30.9,-,263,0
"Early Childhood
Development (0501043060)","66,817,400",-,"6,300,803",-,9.4,-,263,0
Total,"926,935,809","695,191,696","743,919,348","60,189,348",80.3,8.7,263,0
Water Services,,,,,,,263,0
,"Recurrent
(Kshs.)","Development
(Kshs.)","Recurrent
(Kshs.)","Development
(Kshs.)","Recurrent
(Kshs.)","Development
(Kshs.)",264,0
"Construction & Maintenance
of water pipeline supply sys-
tems (1001023060)",,"144,800,000",,-,-,-,264,0
"Development of Borehole
water supply system
(1001033060)",-,"96,125,844",-,-,-,-,264,0
"Development/Construction
of surface water supply
systems (1001043060)",-,-,-,-,-,-,264,0
"Community Water
Project (1001063060)",-,"34,516,685",-,"7,454,200",-,21.6,264,0
"Personnel Services
(1002013060)","35,426,928",-,"18,208,375",-,51.4,-,264,0
"Administration Services
(1002023060)","61,299,807","690,856,693","25,601,513",-,41.8,-,264,0
TOTAL,"96,726,735","966,299,222","43,809,888","7,454,200",45.3,0.8,264,0
Roads and Public Works,,,,,,,264,0
"Administration Services
(0305023060)","104,938,145","308,252,522","19,272,369",,18.4,-,264,0
"Rehabilitation of Roads,
Drainage and bridges
(0202013060)",,"385,850,468",,,-,-,264,0
"Personnel Services
(0305013060)","67,225,905",,"32,037,641",,47.7,-,264,0
"Installation of Street Lighting
Facilities (0203013060)",,"51,387,050",,,-,-,264,0
TOTAL,"172,164,050","745,490,040","51,310,010",-,29.8,-,264,0
Tourism and ICT,,,,,,,264,0
"Personnel services
{0305013060}","20,921,809",-,"12,387,585",-,59.2,-,264,0
"Administration services
{0305023060}","21,067,499","16,049,218","7,376,296",-,35.0,-,264,0
"Local area network in-
stallation and ICT support
{0308013060}","5,110,934","20,883,345","1,019,650",-,20.0,-,264,0
"Tourism Promotion
{0304013060}","3,560,605","8,481,050","1,479,670",-,41.6,-,264,0
TOTAL,"50,660,847","45,413,613","22,263,201",-,43.9,-,264,0
County Public Service Board,,,,,,,264,0
"Human resource planning
(706013060)","14,714,312",-,"7,172,473",-,48.7,-,264,0
"Transformation of
service delivery in public
service (706023060)","5,000,000",-,"1,648,900",-,33.0,-,264,0
"Compensation to
employees (706043060)","29,298,166",-,"11,885,706",-,40.6,-,264,0
"Human resource
planning (706053060)","4,000,000",-,"1,104,400",-,27.6,-,264,0
