Programme,Sub-Programme,"Approved
Estimates","Development
Expenditure","Actual Expendi-
ture as of 31st Dec
2023","Develop-
ment Expen-
diture","Absorption
Rate (%)","Development
Expenditure_1",page_number,table_index
,,"Recurrent
Expenditure",,"Recurrent Expen-
diture",,"Recurrent
Expenditure",,41,0
County Assembly,,,,,,,,41,0
Office of the Clerk,,-,-,-,-,-,-,41,0
,General administration,-,-,-,-,-,-,41,0
,"General Administration, /
Support Services","828,962,651",,"361,706,995",-,44,-,41,0
,"Landscaping and beautifica-
tion of Speaker’s residential
buildings",,"19,000,000",-,-,-,-,41,0
,"Drilling and equipping of
2No. Water boreholes at
County Assembly and Speak-
er’s residence",,"10,000,000",-,-,-,-,41,0
,"Proposed Installation of Elec-
tric, Razor wires and CCTV at
the speaker’s residence",-,"10,100,000",-,-,-,-,41,0
,"Supply, Installation, and
Commissioning of Hansard
System and Equipment for the
Assembly Chambers.",-,"74,300,000",-,"4,273,260",-,6,41,0
,"Purchase and Installation of
interior designs of County
Assembly chambers",-,"4,526,227",-,-,-,-,41,0
,"Feasibility studies on project
preparation and design for
CCTV, Boreholes and Land-
scaping",-,"9,000,000",-,-,-,-,41,0
"Office of the Gov-
ernor and Deputy
Governor",General Administration,-,-,-,-,-,-,41,0
,P3 GOVERNORS OFFICE,"39,829,600",-,"34,334,954",-,86,-,41,0
,,"Recurrent
Expenditure",,"Recurrent Expen-
diture",,"Recurrent
Expenditure",,42,0
,Office of County Secretary,"182,100,000",-,"12,514,239",-,7,-,42,0
,P4 Acquisition of Assets,"6,500,000",-,-,-,-,-,42,0
,"Office of the Deputy Gov-
ernor","19,109,339",-,"5,691,675",-,30,-,42,0
"Public Services,
Administration,
Devolution, & ICT","General Administration,
Salaries and Operations","3,128,345,281",-,"1,635,206,265",-,52,-,42,0
,"Tiaty West sub-county (Ad-
ministration)","3,679,080",-,"1,482,500",-,40,-,42,0
,"Tiaty East sub-county (Ad-
ministration)","2,971,000",-,"65,300",-,-,-,42,0
,Baringo North sub-county,"3,886,222",-,"1,223,000",-,31,-,42,0
,Baringo Central sub-county,"4,018,027",-,"978,800",-,24,-,42,0
,Baringo South sub-county,"3,784,000",-,"1,184,450",-,31,-,42,0
,Mogotio sub-county,"3,762,377",-,"1,636,000",-,43,-,42,0
,Eldama Ravine sub-county,"3,652,412",-,"1,206,518",-,33,-,42,0
,"Infrastructure Development -
Ward offices",,"33,548,807",,-,31,-,42,0
,Acquisition of Kabarnet Hotel,,"20,000,000",-,-,-,-,42,0
,"Acquisition of land for Depu-
ty Governor’s Residence",,"5,000,000",-,-,-,-,42,0
,"Support to Baringo ICT
Centre",,"1,000,000",-,-,-,-,42,0
,Support to ELIAS ICT Centre,,"3,000,000",-,-,-,-,42,0
,Ajira Centre Connectivity,,"30,743",-,-,-,-,42,0
,"Installation of LAN at Mogo-
tio and Marigat sub county
hospital",,"3,000,000",-,-,-,-,42,0
,"Installation of CIMES Opera-
tionalization",-,"1,000,000",-,-,-,-,42,0
,"Redesign of County website
to include online recruitment,
tourism, Town and hospital
portals",-,"4,500,000",-,-,-,-,42,0
"Finance & Eco-
nomic Planning",Finance Administration,"91,425,000",-,"27,407,957",-,30,-,42,0
,Economic Planning,"50,624,618",-,"33,119,424",-,65,-,42,0
,Infrastructural Development,-,-,-,-,-,-,42,0
,"Infrastructural Development-
Boda-boda shades",-,"4,000,000",-,-,-,-,42,0
,KDS Programme,-,"179,001,764",-,"147,383,061",-,82,42,0
,"Revenue Services Develop-
ment Services",-,"5,020,355",-,-,-,-,42,0
,Treasury Accounts,-,-,-,-,-,-,42,0
,"Purchase of Utility Project
Vehicles",-,-,-,-,-,-,42,0
"Revenue Depart-
ment","KDSP Programme project
(Level II grant)",-,-,-,-,-,-,42,0
,Eldama Ravine sub-county,-,-,-,-,-,-,42,0
,,"Recurrent
Expenditure",,"Recurrent Expen-
diture",,"Recurrent
Expenditure",,43,0
"Monitoring and
Evaluation","Economic Planning, Budget,
Monitoring and Evaluation
Services",-,-,-,-,-,-,43,0
"Transport and
Infrastructure",General Administration,"35,700,173",-,"3,715,285",-,10,-,43,0
,"Urban Infrastructure Devel-
opment",-,"50,578,960",-,-,-,-,43,0
,"Rural Infrastructure Devel-
opment",-,"67,200,000",-,-,-,-,43,0
,"New and maintenance of
roads County-wide",-,"431,424,045",-,"30,237,787",-,7,43,0
,Installation of Floodlights,-,"12,080,641",-,-,-,-,43,0
,"Complete Construction of
Public Works Office Block",-,"23,000,000",-,-,-,-,43,0
,Construction of Foot Bridges,-,"47,509,057",-,-,-,-,43,0
,Culverts and Bridges,-,"17,100,000",-,-,-,-,43,0
"Industry, Com-
merce, Tourism,
Cooperatives and
Enterprise Devel-
opment",General Administration,"18,448,989",,"10,064,080",-,55,-,43,0
,"Co-operative services Devel-
opment",-,"82,234,780",-,-,-,-,43,0
,"Tourism Development &
Marketing",-,"46,320,101",-,"9,500,000",-,21,43,0
,"Infrastructure and Trade
Development",-,"17,500,000",-,-,-,-,43,0
,"Industrial Development and
Investment services",-,"359,000,000",-,-,-,-,43,0
"Trade Develop-
ment and Manage-
ment Services",General administration,-,,-,-,-,-,43,0
,Trade Development,-,"2,000,000",-,-,-,-,43,0
Education,"General Administration, Plan-
ning and support services","84,490,000",-,"6,481,727",-,8,-,43,0
"Early Childhood
Development",Infrastructure development,-,"173,906,666",-,-,-,-,43,0
"Early Childhood
Development
Education","Curriculum Development and
Equipment",-,"2,500,000",-,-,-,-,43,0
"Vocational Train-
ing development",Infrastructure Development,-,"58,344,527",-,-,-,-,43,0
"Vocational Train-
ing development","Bursary and Scholarship
Programme",-,"29,400,000",-,"23,518,407",-,80,43,0
"County Health
Services",General Administration,"398,631,775",-,"225,756,765",-,57,-,43,0
"Curative and
Rehabilitative
Services",Infrastructure development,-,"321,342,202",-,"5,187,214",-,2,43,0
"Preventive and
Promotive Health
Services",Infrastructure development,-,"271,642,611",-,-,-,-,43,0
,Health/preventive services,-,-,-,-,57,-,43,0
,Medical Drugs,-,-,-,-,-,-,43,0
,,"Recurrent
Expenditure",,"Recurrent Expen-
diture",,"Recurrent
Expenditure",,44,0
"Promotion of pri-
mary healthcare",General administration,-,-,-,-,-,-,44,0
"Lands and Urban
Development",General administration,"10,003,832",,"5,661,154",-,57,-,44,0
"Land use planning
and Information
management","Land Policy and Planning
Services",-,"5,500,000",-,-,-,-,44,0
"Land use planning
and Information
management",Land Survey Services,-,"11,100,000",-,-,-,-,44,0
"Eldama Ravine
Town- Urban
Development",Infrastructure development,"5,154,129","18,853,000","325,614",-,6,-,44,0
"Kabarnet Munici-
pality Services",Infrastructure development,"6,759,157","23,500,000","1,435,578",-,21,-,44,0
"Housing De-
velopment and
management",Housing development,-,"1,200,000",-,-,-,-,44,0
"Land use planning
and Information
management",Land Adjudication Services,-,"17,500,000",-,-,-,-,44,0
"Land use planning
and Information
management","Land adjudication and
demarcation",-,"1,500,000",-,-,-,-,44,0
"Land use planning
and Information
management","Land Policy and Planning
Services",-,"25,237,350",-,-,-,-,44,0
"General Adminis-
tration, Planning
and Support
Services",Infrastructure Development,-,"6,000,000",-,-,-,-,44,0
"Kabarnet Munici-
pality Services","Sanitation & waste manage-
ment",-,"8,500,000",-,-,-,-,44,0
,"Urban Safety and Disaster
Control Services",-,"2,000,000",-,-,-,-,44,0
,Infrastructure development,-,"15,100,000",-,"12,840,586",-,85,44,0
,"Urban Infrastructure develop-
ment and management",-,-,-,-,-,-,44,0
"Agricultural
Services","General Administration and
Planning","30,779,781",-,"8,584,246",-,28,-,44,0
"Livestock resourc-
es management
and development",Livestock upgrading,-,"149,789,340",-,-,-,-,44,0
"Milk Processing
Plant-Eldama
Ravine","Completion of Milk Process-
ing Plant",-,"46,000,000",-,-,-,-,44,0
"Kabartonjo Milk
Cooling Plant","Construction of Ossen Milk
Cooling Plant",-,"3,500,000",-,-,28,-,44,0
"Livestock Sale
yards","Maintenance of Livestock
Sale Yards- Emining, Loruk
and Loitip",-,"1,500,000",-,-,-,-,44,0
"Slaughterhouses
Maintenance","Maintenance of slaughter
houses and slabs",-,"1,000,000",-,-,-,-,44,0
"Maoi Slaughter
House",Slaughter houses and slabs:,-,"10,000,000",-,-,-,-,44,0
"Loruk Slaughter
House","Completion of Loruk Slaugh-
ter House",-,"3,000,000",-,-,-,-,44,0
,,"Recurrent
Expenditure",,"Recurrent Expen-
diture",,"Recurrent
Expenditure",,45,0
"Barwessa Slaugh-
ter House","Completion of Barwessa
Slaughter House",-,"3,000,000",-,-,-,-,45,0
"Ngentalel Slaugh-
ter House","Completion of Ngentalel
Slaughter House",-,"4,000,000",-,-,-,-,45,0
"Cattle Dips and
Animal Vaccina-
tions",Dips and Vaccines,-,"18,000,000",-,-,-,-,45,0
Bee Keeping,Beehives,-,"9,000,000",-,-,-,-,45,0
"Hay stores, pur-
chase of pasture
seeds and Climate
change","Hay stores, purchase of pas-
ture seeds and Climate change",-,"10,000,000",-,-,-,-,45,0
"Support to ATC
Services",Support to ATC Services,-,"7,000,000",-,-,-,-,45,0
"Agricultural
Machinery",Purchase of Tractor,-,"4,500,000",-,-,-,-,45,0
"Conditional Grants
for provision of
Fertilizer subsidy
Programme","Conditional Grants for
provision of Fertilizer subsidy
Programme",-,"75,977,677",-,-,-,-,45,0
"IDA World Bank
(KCSAP)",IDA World Bank (KCSAP),-,"90,000,000",-,-,-,-,45,0
"Matching fund to
IDA World Bank
(KCSAP)","Matching fund to IDA World
Bank (KCSAP)",-,"1,200,000",-,-,-,-,45,0
"SWEDEN:
Agricultural Sector
Development Sup-
port Programme
(ASDSP) II","SWEDEN: Agricultural
Sector Development Support
Programme (ASDSP) II",-,"1,733,647",-,-,-,-,45,0
"World Bank Emer-
gency Locusts
Project","World Bank Emergency
Locusts Project",-,"126,616,044",-,-,-,-,45,0
"Certified pasture
and maize","Provision of pastures and
maize seeds",-,"4,000,000",-,-,-,-,45,0
"Purchase of
Mangoes, Maca-
damia and Coffee
Seedlings","Purchase of Mangoes, Maca-
damia and Coffee Seedlings
for Mochongoi",-,"19,900,000",-,-,-,-,45,0
"Cattle Dips and
Animal Vaccina-
tions",Renovations of Cattle Dips,-,"41,046,396",-,-,-,-,45,0
Cooperative stores,"Construction of Cooperative
stores",-,"21,746,057",-,-,-,-,45,0
Motor Boats,Purchase of motorboats,-,,-,-,-,-,45,0
"Fisheries
development and
management","Fish breeding cages at Lake
Baringo and Kiradech Dam",-,"12,300,000",-,"4,508,015",-,37,45,0
"Culture, Youth and
Gender",General Administration,"33,592,453",,"14,231,070",-,42,-,45,0
"Social Services
and Safety nets",Affirmative Action Initiatives,-,"28,952,631",-,-,-,-,45,0
"Social Services
and Safety nets",Infrastructure Development,-,"8,097,229",-,-,-,-,45,0
"Cultural and
Creative Arts
Development",Infrastructural development,-,"4,500,000",-,-,-,-,45,0
,,"Recurrent
Expenditure",,"Recurrent Expen-
diture",,"Recurrent
Expenditure",,46,0
"Gender devel-
opment and
management",Gender Initiatives,-,"1,000,000",-,-,-,-,46,0
"Youth Devel-
opment and
Management",Infrastructure Development,-,"11,000,000",-,-,-,-,46,0
"Sports Devel-
opment and
Management",Infrastructural development,-,"26,988,728",-,"19,110,144",-,71,46,0
"Culture and
Creative Arts
Development",Cultural Promotion Initiative,-,"3,100,000",-,-,-,-,46,0
"Culture and
Creative Arts
Development","Infrastructural develop-
ment-social Halls",-,"13,950,419",-,-,-,-,46,0
"Gender devel-
opment and
management","Gender Initiatives-Women
Empowerment",-,"3,600,000",-,-,-,-,46,0
"Youth Devel-
opment and
Management","Youth Initiatives- Youth
Empowerment",-,"7,900,000",-,-,-,-,46,0
"Youth Devel-
opment and
Management","Infrastructural develop-
ment-Playing Grounds",-,"8,573,985",-,-,-,-,46,0
"Water Manage-
ment Services",General Administration,"62,655,512",-,"31,745,040",-,51,-,46,0
"Water resource
development and
supplies manage-
ment","Water resource management
and storage",-,"994,914,244",-,"120,021,050",-,12,46,0
"Irrigation
infrastructure
development",Irrigation Infrastructure,-,"26,100,000",-,-,-,-,46,0
"Environment
Administration
and Planning",Planning and Administration,"18,754,819",-,"6,419,394",-,34,12,46,0
"Environmental
Conservation and
Management","Environmental conservation
and protection",-,"11,300,000",-,-,-,-,46,0
"Natural Resources
Conservation,
Exploitation and
Management","Forestry and Wildlife Conser-
vation and Management",-,"3,500,000",-,-,-,-,46,0
"Environmental
conservation and
management",Solid Waste management,-,"9,350,400",-,-,-,-,46,0
"Environmental
Conservation and
Management","Environmental conservation
and protection",-,"14,024,900",-,-,-,-,46,0
"Natural Resources
Conservation,
Exploitation and
Management","Forestry and Wildlife Conser-
vation and Management",-,"1,300,000",-,-,-,-,46,0
"Climate Change
Fund Projects","Water resource/ pasture
development and supplies
management",-,"71,988,914",-,-,-,-,46,0
,"Protection of rivers and
streams",-,-,-,-,-,-,46,0
,,"Recurrent
Expenditure",,"Recurrent Expen-
diture",,"Recurrent
Expenditure",,47,0
"County Public
Service Board",Administration and Planning,"17,922,030",-,"6,304,852",-,35,-,47,0
Grand Total,,"5,095,542,257","4,450,052,447","2,438,482,881","376,579,524",48,8,47,0
