Programme/ Sub Programme,"2023/24 Supplementary 1 Approved
Estimates",col_2,"Actual Expenditure as of 31st
March 2024",col_4,Absorption Rate (%),col_6,page_number,table_index
"Programme 1: General administration
& planning","Recurrent
Budget","Development
Expenditure","Recurrent Expen-
diture","Development
Expenditure","Recurrent
Expendi-
ture","Devel-
opment
Expendi-
ture",328,1
"Land, Physical Planning & Mining",,,,,,,328,1
SP1. General administration & planning,"63,586,600",-,"39,752,034",-,62.5,-,328,1
"Programme 2: Land Survey & Map-
ping",,-,,-,,,328,1
SP2. Land Survey & Mapping,"1,050,000","33,796,781","850,000","3,924,060",81.0,11.6,328,1
Programme 3 : Urban planning,,,,-,,,328,1
SP3. 1 Urban planning,"2,500,000","23,511,471","2,000,000","6,363,000",80.0,27.1,328,1
"Programme 4: Mining mapping &
development",,,,-,,,328,1
SP4. 1 Mining mapping & development,"2,300,000","2,599,857","950,000",-,41.3,-,328,1
"Programme 5: Environment manage-
ment and protection",,,,,,,328,1
"SP 5. 1 Environment management and
protection","11,800,000","94,164,536","6,585,000","16,576,261",55.8,17.6,328,1
Sub Total,"81,236,600","154,072,645","50,137,034","26,863,321",61.7,17.4,328,1
Wote Municipality,,,,,,,329,0
Programme 1: Wote Municipality,,,,,,,329,0
SP 1. 1 Wote Municipality,"44,076,808","15,472,931","31,416,697","6,762,178",71.3,43.7,329,0
Sub Total,"44,076,808","15,472,931","31,416,697","6,762,178",71.3,43.7,329,0
Emali-Sultan Municipality,,,,,,,329,0
"Programme 1: Emali-Sultan Munic-
ipality",,,,,,,329,0
SP 1. 1 Emali-Sultan Municipality,"28,270,314","26,660,000","9,613,126","22,039,999",34.0,82.7,329,0
Sub Total,"28,270,314","26,660,000","9,613,126","22,039,999",34.0,82.7,329,0
Sand Authority,,,,,,,329,0
"Programme 1: General administration
& planning",,,,,,,329,0
"SP 1.1: General administration &
Planning","64,642,065","10,000,000","45,043,014","5,707,765",69.7,57.1,329,0
Sub Total,"64,642,065","10,000,000","45,043,014","5,707,765",69.7,57.1,329,0
Health Services,,,,,,,329,0
"Programme 1: General administration
& planning",,,,,,,329,0
"SP1. 1 General administration &
planning","2,789,775,689","512,595,788","1,415,125,093","95,342,216",50,18.6,329,0
"Programme 2: Curative health care
services",,,,,,,329,0
SP2. 1 :Curative health care services,"295,020,000","32,210,593","160,264,194","8,444,170",54.3,26.2,329,0
"Programme 3; Preventive and promo-
tive health care services",,,,,,,329,0
"SP3. 1 Preventive and promotive health
care services","129,899,000","36,559,292","62,830,805","932,319",48.4,2.6,329,0
Sub Total,"3,214,694,689","581,365,673","1,638,220,092","104,718,706",51.0,18.0,329,0
"Infrastructure, Transport, Public works, Housing & Energy",,,,,,,329,0
"Programme 1: General administration
& planning",,,,,,,329,0
"SP1. 1 General administration &
planning","136,820,288",-,"76,557,867",,56,,329,0
Programme 2: Road Transport,,,,,,,329,0
SP2.1: Road transport,"4,423,500","490,223,823","2,417,380","101,130,179",54.6,20.6,329,0
"Programme 3: Infrastructure devel-
opment",,,,,,,329,0
SP3.3: Infrastructure development,"2,863,000",-,"353,100",-,12.3,-,329,0
"Programme 4 :Energy Infrastructure
& development",,,,,,,329,0
"SP4.1:Energy Infrastructure & devel-
opment","14,863,467","103,050,000","11,040,806","47,626,778",74.3,46.2,329,0
Sub Total,"158,970,255","593,273,823","90,369,153","148,756,957",56.8,25.1,329,0
"ICT, Education and Internship",,,,,,,329,0
"Programme 1: General administration
& planning",,,,,,,329,0
"SP1. 1 General administration &
planning","509,049,776",-,"236,179,992",-,46.4,-,329,0
"Programme 2: Early childhood devel-
opment education",,,,,,,329,0
"SP2.1 : Early childhood development
education","23,300,629","138,507,471","3,837,022","7,987,170",16.5,5.8,329,0
"Programme 3: Technical training &
non-formal education",,,,-,,,329,0
"SP3.3: Technical training & non-formal
education","1,300,000","77,586,702","647,650","13,268,092",49.8,17.1,330,0
"Programme 4: Support to Education
and Library Services",,,,,,,330,0
"SP4.1: Support to Education and Library
Services","133,000,000","1,000,000","132,991,591",-,100.0,-,330,0
"Programme 5: ICT Infrastructure &
Systems Development",,,,,,,330,0
"SP5.1: ICT Infrastructure & Systems
Development","15,705,000","38,416,681","5,506,770","4,135,050",35.1,10.8,330,0
"Programme 6: Internship, Mentorship
and volunteerism",,,,,,,330,0
"SP6.1: Internship, Mentorship and
volunteerism","11,055,000",-,"102,700",-,0.9,-,330,0
Sub Total,"693,410,405","255,510,854","379,265,725","25,390,312",54.7,9.9,330,0
Trade and Industry,,,,,,,330,0
"Programme 1: General administration
& planning",,,,,,,330,0
"SP1. 1 General administration &
planning","97,439,102","3,375,725","61,759,704",-,63.4,-,330,0
"Programme 2: Trade development &
promotion",,,,,,,330,0
SP2.1; Trade development & promotion,"4,300,000","31,384,964","3,447,300","8,189,481",80.2,26.1,330,0
"P3; Industrial development and
promotion",,,,,,,330,0
"SP3. 1 Industrial development and
promotion","650,000",-,"300,000",-,46.2,-,330,0
"Programme 4: Tourism development
& promotion",,,,,,,330,0
"SP4. 1 Tourism development & promo-
tion","730,000","10,000,000","700,000","940,600",95.9,9.4,330,0
"Programme 5: Culture, Art and the
Music promotion",,,,,,,330,0
"SP5. 1 Culture, Art and the Music
promotion","17,400,000",-,"12,677,720","1,000,000",72.9,-,330,0
Sub Total,"120,519,102","44,760,689","78,884,724","10,130,081",65.5,22.6,330,0
"Gender, Children, Youth, Sports, and Social Services",,,,,,,330,0
"Programme 1: General administra-
tion & planning",,,,-,,,330,0
P1: General administration & planning,"46,912,189",-,"24,516,464",-,52.3,-,330,0
"Programme 2: Gender and Social
Development",,,,,,,330,0
P2: Gender and Social Development,"11,451,972","60,145,549","3,871,385","6,946,935",33.8,11.6,330,0
Programme 3; Sports development,,,,,,,330,0
P3; Sports development,"4,200,000","71,870,772","3,193,040","15,656,447",76.0,21.8,330,0
Programme 4; Youth empowerment,,,,,,,330,0
P4; Youth empowerment,"2,200,000","27,620,650","325,000","1,053,000",14.8,3.8,330,0
Sub Total,"64,764,161","159,636,971","31,905,889","23,656,382",49.3,14.8,330,0
County Attorney,,,,,,,330,0
"SP1. 1 General Administration &
Support Services",,,,,,,330,0
P1: General administration & planning,"49,023,507",-,"14,120,396",-,28.8,-,330,0
Sub Total,"49,023,507",-,"14,120,396",-,28.8,-,330,0
Governorship,,,,,,,330,0
"SP1. 1 General Administration &
Support Services",,,,,,,330,0
P1: General administration & planning,"455,827,360",-,"327,718,939",-,71.9,-,330,0
Sub Total,"455,827,360",-,"327,718,939",-,71.9,-,331,0
County Secretary,,,,,,,331,0
"Programme 1. Leadership & coordina-
tion of departments",,,,,,,331,0
"SP1. 1 Leadership & coordination of
departments","422,725,533",-,"337,082,012",-,79.7,-,331,0
Sub Total,"422,725,533",-,"337,082,012",-,79.7,-,331,0
CPSB,,,,,,,331,0
"Programme 1: Public Service Human
Resource Management and Develop-
ment.",,,,,,,331,0
"SP2 : Public Service Human Resource
Management and Development.","72,963,647",-,"43,971,954",-,60.3,-,331,0
Sub Total,"72,963,647",-,"43,971,954",-,60.3,-,331,0
Finance & Socio-Economic Planning,,,,,,,331,0
"SP1. 1 General Administration &
Support Services",,,,,,,331,0
SP1: General administration & planning,"362,477,457","53,425,662","201,660,856","17,591,851",55.6,32.9,331,0
"Programme 2: Public financial man-
agement",,,,,,,331,0
SP2: Public financial management,"132,745,622",-,"72,745,413",-,54.8,-,331,0
Sub Total,"495,223,080","53,425,662","274,406,269","17,591,851",55.4,32.9,331,0
"Devolution, Public participation, County Administration and Special Programmes",,,,,,,331,0
"Programme 1: General Administration
& Planning",,,,,,,331,0
SP1: General Administration & Planning,"253,538,486","23,054,646","126,986,621","3,991,061",50.1,17.3,331,0
"Programme 2: Participatory Develop-
ment. & civic education",,,,,,,331,0
"SP2: Participatory Development. & civic
education","13,417,797",-,"10,000,000",-,74.5,-,331,0
"Programme 3: Research, Documenta-
tion and Knowledge Management",,,,,,,331,0
"SP3: Research, Documentation and
Knowledge Management","4,500,000",-,"2,550,007",-,56.7,-,331,0
"Programme 4: Coordination of Service
Delivery and Enforcement",,,,,,,331,0
"SP4: Coordination of Service Delivery
and Enforcement","26,670,000",-,"20,100,014",-,75.4,-,331,0
"Programme 5: Disaster Risk Pre-
paredness and Mitigation",,,,,,,331,0
"SP5: Disaster Risk Preparedness and
Mitigation","9,861,200",-,"6,100,014",-,61.9,-,331,0
"Programme 6: Alcoholic Drinks Con-
trol and Licencing",,,,,,,331,0
"SP6: Alcoholic Drinks Control and
Licencing","6,400,000",-,"3,100,014",-,48.4,-,331,0
Sub Total,"314,387,483","23,054,646","168,836,669","3,991,061",53.7,17.3,331,0
Water and Sanitation,,,,,,,331,0
"Programme 1: General administration
& planning",,,,,,,331,0
SP1: General Administration & Planning,"87,894,325","16,037,965","44,431,095","7,753,690",50.6,48.3,331,0
"Programme 2: Water infrastructure
Development",,,,,,,331,0
SP 2.1: Water harvesting and storage,"8,422,000","218,368,534","5,702,550","49,263,353",67.7,22.6,331,0
SP2: Piped water supply infrastructure,"3,860,000","315,680,384","1,609,990","56,316,760",41.7,17.8,332,0
SP.3: Ground water development,"9,860,000","99,005,129","1,388,648","20,098,929",14.1,20.3,332,0
Sub Total,"110,036,325","649,092,012","53,132,283","133,432,731",48.3,20.6,332,0
"Agriculture, Irrigation, Livestock, Fisheries and Cooperative",,,,,,,332,0
"Programme 1: General administration
& planning",,,,,,,332,0
SP1: General Administration & Planning,"64,262,760","413,633,330","40,272,956","5,355,350",62.7,1.3,332,0
"Programme 2: Land, Crop develop-
ment & productivity",,,,,,,332,0
"SP 2: Land, Crop development &
productivity","74,502,084","256,567,461","55,173,763","22,097,865",74.1,8.6,332,0
"P3; Agribusiness and information
management",,,,,,,332,0
"SP3; Agribusiness and information
management","13,800,000","97,538,127","9,881,532","17,422,511",71.6,17.9,332,0
"Programme 4: Livestock Production,
Management and Development",,,,,,,332,0
"SP 4: Livestock Production, Manage-
ment and Development","120,601,520","76,298,451","51,858,430","14,513,431",43.0,19.0,332,0
"Programme 5: Cooperative Develop-
ment",,,,,,,332,0
SP 5: Cooperative Development,"19,486,288","8,633,915","14,523,696","1,169,310",74.5,13.5,332,0
Sub Total,"292,652,652","852,671,284","171,710,377","60,558,467",58.7,7.1,332,0
Makueni Fruit Development and Marketing Authority,,,,,,,332,0
"SP1. 1 General Administration &
Support Services",,,,,,,332,0
P1: General administration & planning,"50,356,413","68,536,224","19,320,665","29,332,872",38.4,42.8,332,0
Sub Total,"50,356,413","68,536,224","19,320,665","29,332,872",38.4,42.8,332,0
County Assembly,,,,,,,332,0
"Programme 1: Legislation and Repre-
sentation",,,,,,,332,0
SP1: Legislation and Representation,"882,052,960","66,948,488","611,063,547",-,69.3,-,332,0
Sub Total,"882,052,960","66,948,488","611,063,547",-,69.3,-,332,0
Grand Totals,"7,615,833,357","3,554,481,901","4,376,218,564","618,932,683",61.9,17.4,332,0
