Program,Sub Program,Description,Final Budget,"Actual Expenditure as
of 31st March 2023",Absorption rate,page_number,table_index
,,,Kshs,Kshs,Kshs,159,0
710004810,,"County Assembly
Services","1,279,653,117.00","774,720,821.00",60.54,159,0
,710014810,Oversight services,"1,279,653,117","774,720,821.00",60.54,159,0
"Agriculture, Livestock, Fisheries and Co-operatives",,,,,,159,0
101004810,,Livestock development,"217,395,523.00","89,213,691.10",41.04,159,0
,101014810,Dairy Development,"131,816,524.00","79,198,466.00",60.08,159,0
,101024810,Poultry development,"10,000,000.00","4,860,000.00",48.60,159,0
,101034810,"Livestock disease and
pest prevention","33,523,057.00","2,808,004.80",8.38,159,0
,101044810,"Livestock Market Infra-
structure Improvement","42,055,942.00","2,347,220.30",5.58,159,0
102004810,,"Fish Farming Productiv-
ity Programme","65,000,000.00","10,190,000.00",15.68,159,0
,102024810,"Promotion of Fish
Farming","65,000,000.00","10,190,000.00",15.68,159,0
103004810,,"Crop Production and
Management Services","984,727,549.00","211,878,747.20",21.52,159,0
,103014810,Cash crop development,"6,000,000.00",-,-,159,0
,103024810,Food crop production,"480,045,044.00","92,980,403.20",19.37,159,0
,103034810,"Crop pest and disease
management","6,000,000.00",-,-,159,0
,103044810,"Agricultural Extension
and Research","492,682,505.00","118,898,344.00",24.13,159,0
105004810,,"Agricultural Extension
and Research","14,845,466.00","3,053,866.00",20.57,159,0
,105014810,"Training and demonstra-
tion","14,845,466.00","3,053,866.00",20.57,159,0
106004810,,"Cooperative Develop-
ment","25,294,594.00","22,124,508.00",87.47,159,0
,106014810,"Marketing and value
addition","25,294,594.00","22,124,508.00",87.47,159,0
120004810,,"Irrigation and Drainage
Development","4,820,954.00","1,419,420.90",29.44,159,0
,120014810,"Small Holder Irrigation
and Drainage","4,820,954.00","1,419,420.90",29.44,159,0
Health Services,,,,,,159,0
401004810,,"Preventive and promo-
tive services","196,962,980.00","19,738,000.00",10.02,159,0
,401024810,"Community Health
Strategy","107,364,067.00","17,884,283.00",16.66,159,0
,401034810,"Diseases surveillance &
Emergency response","3,026,275.00","890,367.00",29.42,159,0
,401044810,"Nutrition service Pro-
motion","590,287.00",-,-,159,0
,401054810,HIV /AIDS Control,"608,574.00",-,-,159,0
,401064810,"Maternal and child
healthcare promotion","83,175,613.00","432,600.00",0.52,159,0
,401074810,TB Control,"513,574.00","86,500.00",16.84,159,0
,401084810,Malaria control,"499,170.00","220,300.00",44.13,159,0
,401094810,"Promotion of family
planning","1,185,420.00","223,950.00",18.89,159,0
,,,Kshs,Kshs,Kshs,160,0
402004810,,"Promotion of Curative
health services","1,664,355,878.00","550,661,676.90",33.09,160,0
,402014810,"Health Infrastructure
Development","617,183,359.00","143,479,455.50",23.25,160,0
,402024810,"Primary medical health
services","1,025,172,519.00","406,563,597.40",39.66,160,0
,402034810,"Blood Transfusion
Services","22,000,000.00","618,624.00",2.81,160,0
403004810,,"General Administrative
and Support services","161,682,767.00","65,996,671.00",40.82,160,0
,403014810,"Administrative and
Human Resources man-
agement","143,014,091.00","58,406,544.00",40.84,160,0
,403024810,Disability mainstreaming,"805,430.00",-,-,160,0
,403034810,"Health Data and Infor-
mation Management","17,863,246.00","7,590,127.00",42.49,160,0
,,,,,,160,0
"Education, Science & Technology",,,,,,160,0
503004810,,"Vocational Education
and Training develop-
ment","230,151,199.00","72,749,936.00",31.61,160,0
,503014810,"Polytechnic Support and
Development","230,151,199.00","72,749,936.00",31.61,160,0
504004810,,"Early Childhood De-
velopment Education
(ECDE)","247,923,834.00","166,489,423.00",67.15,160,0
,504014810,"ECD Infrastructure
Development","172,300,000.00","103,115,379.00",59.85,160,0
,504024810,"Childcare and develop-
ment","75,623,834.00","63,374,044.00",83.80,160,0
505004810,,"Education Support
Programme","182,854,757.00","143,648,910.00",78.56,160,0
,505024810,"Non-Tertiary Education
Support","182,854,757.00","143,648,910.00",78.56,160,0
"Roads, Public Works and Energy",,,,,,160,0
201004810,,"Road Infrastructure
Development","998,232,683.00","303,243,050.40",30.38,160,0
,201014810,Road Maintenance,"91,000,000.00","75,733,212.70",83.22,160,0
,201024810,"Bridges Culverts Con-
struction","27,500,000.00","18,121,292.70",65.90,160,0
,201034810,Road construction,"879,732,683.00","209,388,545.00",23.80,160,0
203004810,,Energy Reticulation,"47,440,742.00","37,505,566.50",79.06,160,0
,203014810,Electrification.,"13,000,000.00","7,397,897.00",56.91,160,0
,203024810,Renewable Energy,"34,440,742.00","30,107,669.50",87.42,160,0
204004810,,"Public works Manage-
ment","3,429,205.00","1,458,832.00",42.54,160,0
,204014810,"Public works Manage-
ment","3,429,205.00","1,458,832.00",42.54,160,0
"Lands, Housing, Urban Areas and Physical Planning",,,,,,160,0
107004810,,"Land Management
Services","171,128,047.00","71,597,926.10",41.84,160,0
,107014810,"Land use policy and
planning","86,918,713.00","36,078,502.45",41.51,160,0
,,,Kshs,Kshs,Kshs,161,0
,107024810,"Land Administration and
Planning","76,228,335.00","33,159,379.45",43.50,161,0
,107034810,Survey Services,"7,980,999.00","2,360,044.20",29.57,161,0
108004810,,"Housing Management
Services","57,529,349.00","14,665,509.25",25.49,161,0
,108014810,"Housing Infrastructure
development","6,729,349.00","1,761,585.50",26.18,161,0
,108024810,Slum Upgrading,"50,800,000.00","12,903,923.75",25.40,161,0
110004810,,"Urban Development
Service","434,956,887.00","131,604,857.40",30.26,161,0
,110024810,"Social Amenities and
Sanitary Services","434,956,887.00","131,604,857.40",30.26,161,0
"Social Services, Youth & Sports",,,,,,161,0
901004810,,"Administration,
Planning and Support
services","45,786,734.00","17,435,224.55",38.08,161,0
,901014810,Administrative Services,"45,786,734.00","17,435,224.55",38.08,161,0
902004810,,"Culture and Arts Devel-
opment","23,244,900.00","5,551,024.00",23.88,161,0
,902014810,"Culture and Heritage
Conservation","23,244,900.00","5,551,024.00",23.88,161,0
903004810,,"Management And
Development Of Sports
And Sports Facilities","415,809,601.00","130,302,201.00",31.34,161,0
,903014810,"Development of Sports
facilities","388,959,551.00","124,998,198.00",32.14,161,0
,903024810,"Promotion and Develop-
ment of Sports and Talent","26,850,050.00","5,304,003.00",19.75,161,0
904004810,,"Youth & Gender Devel-
opment And Promotion
Services","92,321,218.00","568,262.00",0.62,161,0
,904014810,"Youth, Disability and
Gender Empowerment
and Mainstreaming","92,321,218.00","568,262.00",0.62,161,0
906004810,,"Social Development
And Promotions","98,716,710.00","4,359,495.80",4.42,161,0
,906014810,"Social Development and
Social Protection","95,212,310.00","2,803,903.00",2.94,161,0
,906024810,Child welfare Services,"3,504,400.00","1,555,592.80",44.39,161,0
908004810,,"Development of Library
services","1,459,224.00","402,610.00",27.59,161,0
,908014810,Library services,"1,459,224.00","402,610.00",27.59,161,0
"Trade, Industrialization & Tourism",,,,,,161,0
304004810,,"Promotion of tourism
and marketing","9,798,554.00","5,635,116.65",57.51,161,0
,304014810,"Promotion of tourism
and marketing","9,798,554.00","5,635,116.65",57.51,161,0
306004810,,"Administration,
Planning and support
services","8,460,548.00","5,674,635.45",67.07,161,0
,306014810,"Administration Support
Services","8,460,548.00","5,674,635.45",67.07,161,0
,,,Kshs,Kshs,Kshs,162,0
,307014810,"Modern Market infra-
structure development","157,314,984.00","103,923,345.65",66.06,162,0
,307024810,"Micro and small enter-
prises' development","9,784,881.00","6,000,000.00",61.32,162,0
309004810,,"Industrial development
and investment","295,372,895.00","17,181,353.00",5.82,162,0
,309014810,"Industrial Development
and Promotion","295,372,895.00","17,181,353.00",5.82,162,0
1005004810,,"Natural Resource Man-
agement","38,128,179.00","12,755,497.20",33.45,162,0
,1005014810,"Afforestation and Re-af-
forestation","18,236,413.00","7,677,297.20",42.10,162,0
,1005024810,"Protection of natural
resources and environ-
mental processes","19,891,766.00","5,078,200.00",25.53,162,0
1006004810,,"Water and Sanitation
Services","417,750,124.00","120,682,864.00",28.89,162,0
,1006014810,"Water Resource Supply
and Management","417,750,124.00","120,682,864.00",28.89,162,0
1007004810,,"Environmental conser-
vation","130,927,152.00","36,548,724.65",27.92,162,0
,1007014810,"Environmental Protec-
tion","130,927,152.00","36,548,724.65",27.92,162,0
712004810,,"Public Service and Ad-
ministration","6,673,061,896.00","3,929,028,321.41",58.88,162,0
,712014810,County Administration,"522,883,954.00","100,107,328.00",19.15,162,0
,712024810,"Human Resource Man-
agement","6,150,177,942.00","3,828,920,993.41",62.26,162,0
716004810,,"Alcoholics and Drinks
Control","17,485,063.00","1,341,641.65",7.67,162,0
,716014810,"Alcohol and Drug Reha-
bilitation Program","17,485,063.00","1,341,641.65",7.67,162,0
Office of the Governor,,,,,,162,0
703004810,,"Management and ad-
ministration of County
Functions","167,298,192.00","147,747,232.70",88.31,162,0
,703024810,County executive services,"167,298,192.00","147,747,232.70",88.31,162,0
704004810,,"Support, Coordination
and Advisory Services","22,589,048.00","19,086,626.00",84.50,162,0
,704014810,Legal Services,"22,589,048.00","19,086,626.00",84.50,162,0
709004810,,"Support, Coordination
and Advisory services","63,347,952.00","34,025,287.15",53.71,162,0
,709014810,"Support and Advisory
services","45,705,168.00","25,618,497.15",56.05,162,0
,709024810,"County Internal Audit
services","17,642,784.00","8,406,790.00",47.65,162,0
Finance and Economic Planning,,,,,,162,0
706004810,,"Economic and policy
formulation and man-
agement planning","90,687,819.00","51,067,732.55",56.31,162,0
,706014810,"Economic policy formu-
lation","90,687,819.00","51,067,732.55",56.31,162,0
707004810,,"Public finance manage-
ment","288,180,326.00","83,520,871.15",28.98,162,0
